date_GMT,home_team_name,away_team_name,home_team_goal_count,away_team_goal_count,predicted_result,actual_result,home_win_prob,away_win_prob,draw_prob
2023-08-11 19:00:00,Burnley,Manchester City,0,3,1,1,0.0,0.94,0.06
2023-08-12 12:00:00,Arsenal,Nottingham Forest,2,1,0,0,0.88,0.01,0.11
2023-08-12 14:00:00,AFC Bournemouth,West Ham United,1,1,2,2,0.25,0.37,0.38
2023-08-12 14:00:00,Brighton & Hove Albion,Luton Town,4,1,0,0,0.86,0.04,0.1
2023-08-12 14:00:00,Everton,Fulham,0,1,0,1,0.86,0.05,0.09
2023-08-12 14:00:00,Sheffield United,Crystal Palace,0,1,1,1,0.03,0.91,0.06
2023-08-12 16:30:00,Newcastle United,Aston Villa,5,1,0,0,0.65,0.16,0.19
2023-08-13 13:00:00,Brentford,Tottenham Hotspur,2,2,0,2,0.42,0.36,0.22
2023-08-13 15:30:00,Chelsea,Liverpool,1,1,0,2,0.51,0.16,0.33
2023-08-14 19:00:00,Manchester United,Wolverhampton Wanderers,1,0,1,0,0.2,0.46,0.34
2023-08-18 18:45:00,Nottingham Forest,Sheffield United,2,1,0,0,0.54,0.27,0.19
2023-08-19 14:00:00,Fulham,Brentford,0,3,1,1,0.11,0.77,0.12
2023-08-19 14:00:00,Liverpool,AFC Bournemouth,3,1,0,0,0.64,0.21,0.15
2023-08-19 14:00:00,Wolverhampton Wanderers,Brighton & Hove Albion,1,4,1,1,0.38,0.57,0.05
2023-08-19 16:30:00,Tottenham Hotspur,Manchester United,2,0,0,0,0.59,0.27,0.14
2023-08-19 19:00:00,Manchester City,Newcastle United,1,0,0,0,0.62,0.11,0.27
2023-08-20 13:00:00,Aston Villa,Everton,4,0,0,0,0.84,0.06,0.1
2023-08-20 15:30:00,West Ham United,Chelsea,3,1,0,0,0.57,0.26,0.17
2023-08-21 19:00:00,Crystal Palace,Arsenal,0,1,0,1,0.38,0.33,0.29
2023-08-25 19:00:00,Chelsea,Luton Town,3,0,0,0,0.95,0.0,0.05
2023-08-26 11:30:00,AFC Bournemouth,Tottenham Hotspur,0,2,2,1,0.24,0.36,0.4
2023-08-26 14:00:00,Arsenal,Fulham,2,2,0,2,0.92,0.04,0.04
2023-08-26 14:00:00,Brentford,Crystal Palace,1,1,1,2,0.17,0.61,0.22
2023-08-26 14:00:00,Everton,Wolverhampton Wanderers,0,1,0,1,0.84,0.07,0.09
2023-08-26 14:00:00,Manchester United,Nottingham Forest,3,2,0,0,0.67,0.16,0.17
2023-08-26 16:30:00,Brighton & Hove Albion,West Ham United,1,3,1,1,0.38,0.44,0.18
2023-08-27 13:00:00,Burnley,Aston Villa,1,3,1,1,0.13,0.71,0.16
2023-08-27 13:00:00,Sheffield United,Manchester City,1,2,1,1,0.16,0.58,0.26
2023-08-27 15:30:00,Newcastle United,Liverpool,1,2,0,1,0.6,0.29,0.11
2023-09-01 19:00:00,Luton Town,West Ham United,1,2,0,1,0.39,0.37,0.24
2023-09-02 11:30:00,Sheffield United,Everton,2,2,0,2,0.52,0.21,0.27
2023-09-02 14:00:00,Brentford,AFC Bournemouth,2,2,0,2,0.61,0.22,0.17
2023-09-02 14:00:00,Burnley,Tottenham Hotspur,2,5,1,1,0.17,0.65,0.18
2023-09-02 14:00:00,Chelsea,Nottingham Forest,0,1,1,1,0.24,0.43,0.33
2023-09-02 14:00:00,Manchester City,Fulham,5,1,0,0,0.51,0.37,0.12
2023-09-02 16:30:00,Brighton & Hove Albion,Newcastle United,3,1,0,0,0.81,0.04,0.15
2023-09-03 13:00:00,Crystal Palace,Wolverhampton Wanderers,3,2,0,0,0.77,0.08,0.15
2023-09-03 13:00:00,Liverpool,Aston Villa,3,0,1,0,0.27,0.39,0.34
2023-09-03 15:30:00,Arsenal,Manchester United,3,1,2,0,0.36,0.23,0.41
2023-09-16 11:30:00,Wolverhampton Wanderers,Liverpool,1,3,1,1,0.06,0.71,0.23
2023-09-16 14:00:00,Aston Villa,Crystal Palace,3,1,0,0,0.58,0.23,0.19
2023-09-16 14:00:00,Fulham,Luton Town,1,0,1,0,0.16,0.55,0.29
2023-09-16 14:00:00,Manchester United,Brighton & Hove Albion,1,3,1,1,0.27,0.47,0.26
2023-09-16 14:00:00,Tottenham Hotspur,Sheffield United,2,1,0,0,0.57,0.19,0.24
2023-09-16 14:00:00,West Ham United,Manchester City,1,3,1,1,0.16,0.55,0.29
2023-09-16 16:30:00,Newcastle United,Brentford,1,0,1,0,0.1,0.85,0.05
2023-09-17 13:00:00,AFC Bournemouth,Chelsea,0,0,0,2,0.52,0.23,0.25
2023-09-17 15:30:00,Everton,Arsenal,0,1,0,1,0.38,0.28,0.34
2023-09-18 18:45:00,Nottingham Forest,Burnley,1,1,0,2,0.46,0.28,0.26
2023-09-23 14:00:00,Crystal Palace,Fulham,0,0,0,2,0.46,0.39,0.15
2023-09-23 14:00:00,Luton Town,Wolverhampton Wanderers,1,1,0,2,0.5,0.31,0.19
2023-09-23 14:00:00,Manchester City,Nottingham Forest,2,0,0,0,0.47,0.24,0.29
2023-09-23 16:30:00,Brentford,Everton,1,3,1,1,0.09,0.76,0.15
2023-09-23 19:00:00,Burnley,Manchester United,0,1,2,1,0.25,0.3,0.45
2023-09-24 13:00:00,Arsenal,Tottenham Hotspur,2,2,0,2,0.53,0.2,0.27
2023-09-24 13:00:00,Brighton & Hove Albion,AFC Bournemouth,3,1,0,0,0.39,0.39,0.22
2023-09-24 13:00:00,Chelsea,Aston Villa,0,1,1,1,0.3,0.47,0.23
2023-09-24 13:00:00,Liverpool,West Ham United,3,1,0,0,0.76,0.15,0.09
2023-09-24 15:30:00,Sheffield United,Newcastle United,0,8,1,1,0.05,0.73,0.22
2023-09-30 11:30:00,Aston Villa,Brighton & Hove Albion,6,1,0,0,0.81,0.08,0.11
2023-09-30 14:00:00,AFC Bournemouth,Arsenal,0,4,1,1,0.07,0.83,0.1
2023-09-30 14:00:00,Everton,Luton Town,1,2,0,1,0.59,0.14,0.27
2023-09-30 14:00:00,Manchester United,Crystal Palace,0,1,0,1,0.53,0.1,0.37
2023-09-30 14:00:00,Newcastle United,Burnley,2,0,0,0,0.95,0.02,0.03
2023-09-30 14:00:00,West Ham United,Sheffield United,2,0,0,0,0.74,0.05,0.21
2023-09-30 14:00:00,Wolverhampton Wanderers,Manchester City,2,1,1,0,0.0,0.9,0.1
2023-09-30 16:30:00,Tottenham Hotspur,Liverpool,2,1,0,0,0.72,0.17,0.11
2023-10-01 13:00:00,Nottingham Forest,Brentford,1,1,1,2,0.08,0.66,0.26
2023-10-02 19:00:00,Fulham,Chelsea,0,2,1,1,0.25,0.42,0.33
2023-10-03 18:30:00,Luton Town,Burnley,1,2,2,1,0.36,0.25,0.39
2023-10-07 11:30:00,Luton Town,Tottenham Hotspur,0,1,1,1,0.18,0.63,0.19
2023-10-07 14:00:00,Burnley,Chelsea,1,4,0,1,0.47,0.4,0.13
2023-10-07 14:00:00,Everton,AFC Bournemouth,3,0,0,0,0.56,0.16,0.28
2023-10-07 14:00:00,Fulham,Sheffield United,3,1,0,0,0.82,0.05,0.13
2023-10-07 14:00:00,Manchester United,Brentford,2,1,0,0,0.72,0.19,0.09
2023-10-07 16:30:00,Crystal Palace,Nottingham Forest,0,0,1,2,0.15,0.59,0.26
2023-10-08 13:00:00,Brighton & Hove Albion,Liverpool,2,2,1,2,0.27,0.37,0.36
2023-10-08 13:00:00,West Ham United,Newcastle United,2,2,0,2,0.62,0.2,0.18
2023-10-08 13:00:00,Wolverhampton Wanderers,Aston Villa,1,1,1,2,0.34,0.42,0.24
2023-10-08 15:30:00,Arsenal,Manchester City,1,0,2,0,0.32,0.14,0.54
2023-10-21 11:30:00,Liverpool,Everton,2,0,0,0,0.6,0.06,0.34
2023-10-21 14:00:00,AFC Bournemouth,Wolverhampton Wanderers,1,2,0,1,0.41,0.4,0.19
2023-10-21 14:00:00,Brentford,Burnley,3,0,0,0,0.87,0.06,0.07
2023-10-21 14:00:00,Manchester City,Brighton & Hove Albion,2,1,0,0,0.81,0.11,0.08
2023-10-21 14:00:00,Newcastle United,Crystal Palace,4,0,0,0,0.6,0.19,0.21
2023-10-21 14:00:00,Nottingham Forest,Luton Town,2,2,0,2,0.71,0.17,0.12
2023-10-21 16:30:00,Chelsea,Arsenal,2,2,0,2,0.67,0.2,0.13
2023-10-21 19:00:00,Sheffield United,Manchester United,1,2,0,1,0.49,0.31,0.2
2023-10-22 15:30:00,Aston Villa,West Ham United,4,1,0,0,0.76,0.1,0.14
2023-10-23 19:00:00,Tottenham Hotspur,Fulham,2,0,0,0,0.49,0.2,0.31
2023-10-27 19:00:00,Crystal Palace,Tottenham Hotspur,1,2,0,1,0.67,0.19,0.14
2023-10-28 11:30:00,Chelsea,Brentford,0,2,1,1,0.08,0.68,0.24
2023-10-28 14:00:00,AFC Bournemouth,Burnley,2,1,0,0,0.59,0.22,0.19
2023-10-28 14:00:00,Arsenal,Sheffield United,5,0,0,0,0.87,0.0,0.13
2023-10-28 16:30:00,Wolverhampton Wanderers,Newcastle United,2,2,0,2,0.44,0.36,0.2
2023-10-29 13:00:00,West Ham United,Everton,0,1,1,1,0.08,0.76,0.16
2023-10-29 14:00:00,Aston Villa,Luton Town,3,1,0,0,0.76,0.04,0.2
2023-10-29 14:00:00,Brighton & Hove Albion,Fulham,1,1,0,2,0.54,0.26,0.2
2023-10-29 14:00:00,Liverpool,Nottingham Forest,3,0,0,0,0.98,0.0,0.02
2023-10-29 15:30:00,Manchester United,Manchester City,0,3,1,1,0.2,0.56,0.24
2023-11-04 12:30:00,Fulham,Manchester United,0,1,2,1,0.29,0.33,0.38
2023-11-04 15:00:00,Brentford,West Ham United,3,2,1,0,0.38,0.5,0.12
2023-11-04 15:00:00,Burnley,Crystal Palace,0,2,2,1,0.27,0.28,0.45
2023-11-04 15:00:00,Everton,Brighton & Hove Albion,1,1,0,2,0.68,0.22,0.1
2023-11-04 15:00:00,Manchester City,AFC Bournemouth,6,1,0,0,0.77,0.01,0.22
2023-11-04 15:00:00,Sheffield United,Wolverhampton Wanderers,2,1,1,0,0.3,0.46,0.24
2023-11-04 17:30:00,Newcastle United,Arsenal,1,0,0,0,0.41,0.29,0.3
2023-11-05 14:00:00,Nottingham Forest,Aston Villa,2,0,0,0,0.51,0.29,0.2
2023-11-05 16:30:00,Luton Town,Liverpool,1,1,0,2,0.49,0.29,0.22
2023-11-06 20:00:00,Tottenham Hotspur,Chelsea,1,4,1,1,0.17,0.63,0.2
2023-11-11 12:30:00,Wolverhampton Wanderers,Tottenham Hotspur,2,1,0,0,0.65,0.21,0.14
2023-11-11 15:00:00,Arsenal,Burnley,3,1,1,0,0.31,0.39,0.3
2023-11-11 15:00:00,Crystal Palace,Everton,2,3,1,1,0.32,0.5,0.18
2023-11-11 15:00:00,Manchester United,Luton Town,1,0,1,0,0.23,0.54,0.23
2023-11-11 17:30:00,AFC Bournemouth,Newcastle United,2,0,0,0,0.59,0.17,0.24
2023-11-12 14:00:00,Aston Villa,Fulham,3,1,0,0,0.59,0.21,0.2
2023-11-12 14:00:00,Brighton & Hove Albion,Sheffield United,1,1,0,2,0.7,0.08,0.22
2023-11-12 14:00:00,Liverpool,Brentford,3,0,0,0,0.71,0.17,0.12
2023-11-12 14:00:00,West Ham United,Nottingham Forest,3,2,1,0,0.32,0.4,0.28
2023-11-12 16:30:00,Chelsea,Manchester City,4,4,1,2,0.24,0.55,0.21
2023-11-25 12:30:00,Manchester City,Liverpool,1,1,0,2,0.55,0.2,0.25
2023-11-25 15:00:00,Burnley,West Ham United,1,2,0,1,0.61,0.24,0.15
2023-11-25 15:00:00,Luton Town,Crystal Palace,2,1,1,0,0.17,0.64,0.19
2023-11-25 15:00:00,Newcastle United,Chelsea,4,1,1,0,0.25,0.44,0.31
2023-11-25 15:00:00,Nottingham Forest,Brighton & Hove Albion,2,3,0,1,0.39,0.25,0.36
2023-11-25 15:00:00,Sheffield United,AFC Bournemouth,1,3,1,1,0.12,0.78,0.1
2023-11-25 17:30:00,Brentford,Arsenal,0,1,0,1,0.6,0.17,0.23
2023-11-26 14:00:00,Tottenham Hotspur,Aston Villa,1,2,0,1,0.75,0.15,0.1
2023-11-26 16:30:00,Everton,Manchester United,0,3,0,1,0.58,0.25,0.17
2023-11-27 20:00:00,Fulham,Wolverhampton Wanderers,3,2,1,0,0.36,0.42,0.22
2023-12-02 15:00:00,Arsenal,Wolverhampton Wanderers,2,1,0,0,0.66,0.21,0.13
2023-12-02 15:00:00,Brentford,Luton Town,3,1,0,0,0.77,0.0,0.23
2023-12-02 15:00:00,Burnley,Sheffield United,5,0,0,0,0.89,0.06,0.05
2023-12-02 17:30:00,Nottingham Forest,Everton,0,1,1,1,0.15,0.61,0.24
2023-12-02 20:00:00,Newcastle United,Manchester United,1,0,2,0,0.45,0.07,0.48
2023-12-03 14:00:00,AFC Bournemouth,Aston Villa,2,2,0,2,0.73,0.1,0.17
2023-12-03 14:00:00,Chelsea,Brighton & Hove Albion,3,2,1,0,0.24,0.58,0.18
2023-12-03 14:00:00,Liverpool,Fulham,4,3,0,0,0.65,0.11,0.24
2023-12-03 14:00:00,West Ham United,Crystal Palace,1,1,0,2,0.47,0.18,0.35
2023-12-03 16:30:00,Manchester City,Tottenham Hotspur,3,3,0,2,0.35,0.31,0.34
2023-12-05 19:30:00,Wolverhampton Wanderers,Burnley,1,0,0,0,0.45,0.21,0.34
2023-12-05 20:15:00,Luton Town,Arsenal,3,4,1,1,0.14,0.65,0.21
2023-12-06 19:30:00,Brighton & Hove Albion,Brentford,2,1,0,0,0.98,0.0,0.02
2023-12-06 19:30:00,Fulham,Nottingham Forest,5,0,0,0,0.86,0.02,0.12
2023-12-06 19:30:00,Sheffield United,Liverpool,0,2,1,1,0.09,0.8,0.11
2023-12-06 19:30:00,Crystal Palace,AFC Bournemouth,0,2,0,1,0.38,0.36,0.26
2023-12-06 20:15:00,Aston Villa,Manchester City,1,0,0,0,0.85,0.04,0.11
2023-12-06 20:15:00,Manchester United,Chelsea,2,1,0,0,0.58,0.15,0.27
2023-12-07 19:30:00,Everton,Newcastle United,3,0,0,0,0.77,0.06,0.17
2023-12-07 20:15:00,Tottenham Hotspur,West Ham United,1,2,0,1,0.57,0.25,0.18
2023-12-09 12:30:00,Crystal Palace,Liverpool,1,2,0,1,0.75,0.14,0.11
2023-12-09 15:00:00,Brighton & Hove Albion,Burnley,1,1,0,2,0.59,0.18,0.23
2023-12-09 15:00:00,Manchester United,AFC Bournemouth,0,3,1,1,0.23,0.61,0.16
2023-12-09 15:00:00,Sheffield United,Brentford,1,0,0,0,0.45,0.24,0.31
2023-12-09 15:00:00,Wolverhampton Wanderers,Nottingham Forest,1,1,0,2,0.38,0.36,0.26
2023-12-09 17:30:00,Aston Villa,Arsenal,1,0,0,0,0.43,0.4,0.17
2023-12-10 14:00:00,Everton,Chelsea,2,0,0,0,0.64,0.16,0.2
2023-12-10 14:00:00,Fulham,West Ham United,5,0,0,0,0.73,0.1,0.17
2023-12-10 14:00:00,Luton Town,Manchester City,1,2,1,1,0.04,0.86,0.1
2023-12-10 16:30:00,Tottenham Hotspur,Newcastle United,4,1,0,0,0.74,0.1,0.16
2023-12-15 20:00:00,Nottingham Forest,Tottenham Hotspur,0,2,1,1,0.09,0.67,0.24
2023-12-16 15:00:00,Chelsea,Sheffield United,2,0,0,0,0.73,0.01,0.26
2023-12-16 15:00:00,Manchester City,Crystal Palace,2,2,0,2,0.93,0.02,0.05
2023-12-16 15:00:00,Newcastle United,Fulham,3,0,0,0,0.52,0.38,0.1
2023-12-16 17:30:00,Burnley,Everton,0,2,1,1,0.16,0.62,0.22
2023-12-17 14:00:00,Arsenal,Brighton & Hove Albion,2,0,0,0,0.84,0.03,0.13
2023-12-17 14:00:00,Brentford,Aston Villa,1,2,1,1,0.36,0.44,0.2
2023-12-17 14:00:00,West Ham United,Wolverhampton Wanderers,3,0,0,0,0.58,0.23,0.19
2023-12-17 16:30:00,Liverpool,Manchester United,0,0,0,2,0.81,0.02,0.17
2023-12-21 20:00:00,Crystal Palace,Brighton & Hove Albion,1,1,1,2,0.2,0.58,0.22
2023-12-22 20:00:00,Aston Villa,Sheffield United,1,1,0,2,0.46,0.24,0.3
2023-12-23 12:30:00,West Ham United,Manchester United,2,0,0,0,0.56,0.32,0.12
2023-12-23 15:00:00,Fulham,Burnley,0,2,0,1,0.64,0.16,0.2
2023-12-23 15:00:00,Luton Town,Newcastle United,1,0,0,0,0.77,0.18,0.05
2023-12-23 15:00:00,Nottingham Forest,AFC Bournemouth,2,3,1,1,0.31,0.39,0.3
2023-12-23 15:00:00,Tottenham Hotspur,Everton,2,1,0,0,0.5,0.32,0.18
2023-12-23 17:30:00,Liverpool,Arsenal,1,1,0,2,0.51,0.26,0.23
2023-12-24 13:00:00,Wolverhampton Wanderers,Chelsea,2,1,0,0,0.56,0.28,0.16
2023-12-26 12:30:00,Newcastle United,Nottingham Forest,1,3,0,1,0.62,0.26,0.12
2023-12-26 15:00:00,AFC Bournemouth,Fulham,3,0,0,0,0.5,0.3,0.2
2023-12-26 15:00:00,Sheffield United,Luton Town,2,3,0,1,0.59,0.14,0.27
2023-12-26 17:30:00,Burnley,Liverpool,0,2,1,1,0.01,0.92,0.07
2023-12-26 20:00:00,Manchester United,Aston Villa,3,2,0,0,0.66,0.13,0.21
2023-12-27 19:30:00,Brentford,Wolverhampton Wanderers,1,4,1,1,0.31,0.48,0.21
2023-12-27 19:30:00,Chelsea,Crystal Palace,2,1,0,0,0.4,0.39,0.21
2023-12-27 20:15:00,Everton,Manchester City,1,3,1,1,0.1,0.78,0.12
2023-12-28 19:30:00,Brighton & Hove Albion,Tottenham Hotspur,4,2,0,0,0.78,0.08,0.14
2023-12-28 20:15:00,Arsenal,West Ham United,0,2,0,1,0.75,0.06,0.19
2023-12-30 12:30:00,Luton Town,Chelsea,2,3,1,1,0.27,0.57,0.16
2023-12-30 15:00:00,Aston Villa,Burnley,3,2,0,0,0.56,0.28,0.16
2023-12-30 15:00:00,Crystal Palace,Brentford,3,1,0,0,0.69,0.13,0.18
2023-12-30 15:00:00,Manchester City,Sheffield United,2,0,0,0,0.43,0.14,0.43
2023-12-30 15:00:00,Wolverhampton Wanderers,Everton,3,0,0,0,0.79,0.01,0.2
2023-12-30 17:30:00,Nottingham Forest,Manchester United,2,1,1,0,0.23,0.59,0.18
2023-12-31 14:00:00,Fulham,Arsenal,2,1,0,0,0.45,0.16,0.39
2023-12-31 14:00:00,Tottenham Hotspur,AFC Bournemouth,3,1,0,0,0.5,0.21,0.29
2024-01-01 20:00:00,Liverpool,Newcastle United,4,2,0,0,0.92,0.04,0.04
2024-01-02 19:30:00,West Ham United,Brighton & Hove Albion,0,0,1,2,0.14,0.65,0.21
2024-01-12 19:45:00,Burnley,Luton Town,1,1,0,2,0.66,0.07,0.27
2024-01-13 12:30:00,Chelsea,Fulham,1,0,2,0,0.2,0.27,0.53
2024-01-13 17:30:00,Newcastle United,Manchester City,2,3,1,1,0.3,0.49,0.21
2024-01-14 14:00:00,Everton,Aston Villa,0,0,0,2,0.39,0.3,0.31
2024-01-14 16:30:00,Manchester United,Tottenham Hotspur,2,2,1,2,0.15,0.67,0.18
2024-01-20 12:30:00,Arsenal,Crystal Palace,5,0,0,0,0.54,0.23,0.23
2024-01-20 17:30:00,Brentford,Nottingham Forest,3,2,0,0,0.58,0.18,0.24
2024-01-21 14:00:00,Sheffield United,West Ham United,2,2,0,2,0.6,0.29,0.11
2024-01-21 16:30:00,AFC Bournemouth,Liverpool,0,4,1,1,0.14,0.81,0.05
2024-01-22 19:45:00,Brighton & Hove Albion,Wolverhampton Wanderers,0,0,1,2,0.37,0.44,0.19
2024-01-30 19:30:00,Nottingham Forest,Arsenal,1,2,0,1,0.56,0.25,0.19
2024-01-30 19:45:00,Fulham,Everton,0,0,0,2,0.47,0.25,0.28
2024-01-30 19:45:00,Luton Town,Brighton & Hove Albion,4,0,0,0,0.85,0.07,0.08
2024-01-30 20:00:00,Crystal Palace,Sheffield United,3,2,1,0,0.29,0.45,0.26
2024-01-30 20:15:00,Aston Villa,Newcastle United,1,3,0,1,0.47,0.36,0.17
2024-01-31 19:30:00,Tottenham Hotspur,Brentford,3,2,1,0,0.25,0.49,0.26
2024-01-31 19:30:00,Manchester City,Burnley,3,1,0,0,0.56,0.28,0.16
2024-01-31 20:15:00,Liverpool,Chelsea,4,1,0,0,0.87,0.06,0.07
2024-02-01 19:30:00,West Ham United,AFC Bournemouth,1,1,1,2,0.38,0.41,0.21
2024-02-01 20:15:00,Wolverhampton Wanderers,Manchester United,3,4,1,1,0.28,0.65,0.07
2024-02-03 12:30:00,Everton,Tottenham Hotspur,2,2,0,2,0.4,0.4,0.2
2024-02-03 15:00:00,Brighton & Hove Albion,Crystal Palace,4,1,0,0,0.44,0.4,0.16
2024-02-03 15:00:00,Burnley,Fulham,2,2,1,2,0.32,0.41,0.27
2024-02-03 15:00:00,Newcastle United,Luton Town,4,4,1,2,0.24,0.57,0.19
2024-02-03 17:30:00,Sheffield United,Aston Villa,0,5,1,1,0.4,0.44,0.16
2024-02-04 14:00:00,AFC Bournemouth,Nottingham Forest,1,1,1,2,0.17,0.63,0.2
2024-02-04 14:00:00,Chelsea,Wolverhampton Wanderers,2,4,1,1,0.2,0.56,0.24
2024-02-04 14:00:00,Manchester United,West Ham United,3,0,0,0,0.39,0.29,0.32
2024-02-04 16:30:00,Arsenal,Liverpool,3,1,0,0,0.82,0.05,0.13
2024-02-05 20:00:00,Brentford,Manchester City,1,3,1,1,0.19,0.58,0.23
2024-02-10 12:30:00,Manchester City,Everton,2,0,0,0,0.53,0.13,0.34
2024-02-10 15:00:00,Fulham,AFC Bournemouth,3,1,0,0,0.52,0.23,0.25
2024-02-10 15:00:00,Liverpool,Burnley,3,1,0,0,0.73,0.1,0.17
2024-02-10 15:00:00,Luton Town,Sheffield United,1,3,2,1,0.29,0.33,0.38
2024-02-10 15:00:00,Tottenham Hotspur,Brighton & Hove Albion,2,1,0,0,0.71,0.16,0.13
2024-02-10 15:00:00,Wolverhampton Wanderers,Brentford,0,2,1,1,0.18,0.63,0.19
2024-02-10 17:30:00,Nottingham Forest,Newcastle United,2,3,0,1,0.47,0.35,0.18
2024-02-11 14:00:00,West Ham United,Arsenal,0,6,1,1,0.07,0.74,0.19
2024-02-11 16:30:00,Aston Villa,Manchester United,1,2,0,1,0.56,0.18,0.26
2024-02-12 20:00:00,Crystal Palace,Chelsea,1,3,0,1,0.57,0.19,0.24
2024-02-17 12:30:00,Brentford,Liverpool,1,4,1,1,0.28,0.52,0.2
2024-02-17 15:00:00,Burnley,Arsenal,0,5,1,1,0.06,0.83,0.11
2024-02-17 15:00:00,Fulham,Aston Villa,1,2,0,1,0.39,0.23,0.38
2024-02-17 15:00:00,Newcastle United,AFC Bournemouth,2,2,1,2,0.22,0.63,0.15
2024-02-17 15:00:00,Nottingham Forest,West Ham United,2,0,0,0,0.86,0.09,0.05
2024-02-17 15:00:00,Tottenham Hotspur,Wolverhampton Wanderers,1,2,1,1,0.26,0.6,0.14
2024-02-17 17:30:00,Manchester City,Chelsea,1,1,1,2,0.16,0.69,0.15
2024-02-18 14:00:00,Sheffield United,Brighton & Hove Albion,0,5,1,1,0.05,0.73,0.22
2024-02-18 16:30:00,Luton Town,Manchester United,1,2,1,1,0.1,0.79,0.11
2024-02-19 20:00:00,Everton,Crystal Palace,1,1,0,2,0.35,0.31,0.34
2024-02-20 19:30:00,Manchester City,Brentford,1,0,0,0,0.88,0.02,0.1
2024-02-21 19:30:00,Liverpool,Luton Town,4,1,0,0,0.66,0.03,0.31
2024-02-24 15:00:00,Aston Villa,Nottingham Forest,4,2,0,0,0.59,0.2,0.21
2024-02-24 15:00:00,Brighton & Hove Albion,Everton,1,1,0,2,0.73,0.11,0.16
2024-02-24 15:00:00,Crystal Palace,Burnley,3,0,0,0,0.57,0.11,0.32
2024-02-24 15:00:00,Manchester United,Fulham,1,2,0,1,0.53,0.17,0.3
2024-02-24 17:30:00,AFC Bournemouth,Manchester City,0,1,0,1,0.54,0.26,0.2
2024-02-24 20:00:00,Arsenal,Newcastle United,4,1,0,0,0.73,0.06,0.21
2024-02-25 13:30:00,Wolverhampton Wanderers,Sheffield United,1,0,1,0,0.16,0.65,0.19
2024-02-26 20:00:00,West Ham United,Brentford,4,2,0,0,0.45,0.38,0.17
2024-03-02 15:00:00,Brentford,Chelsea,2,2,0,2,0.42,0.38,0.2
2024-03-02 15:00:00,Everton,West Ham United,1,3,0,1,0.71,0.05,0.24
2024-03-02 15:00:00,Fulham,Brighton & Hove Albion,3,0,0,0,0.53,0.25,0.22
2024-03-02 15:00:00,Newcastle United,Wolverhampton Wanderers,3,0,0,0,0.72,0.12,0.16
2024-03-02 15:00:00,Nottingham Forest,Liverpool,0,1,0,1,0.46,0.3,0.24
2024-03-02 15:00:00,Tottenham Hotspur,Crystal Palace,3,1,0,0,0.59,0.06,0.35
2024-03-02 17:30:00,Luton Town,Aston Villa,2,3,1,1,0.34,0.43,0.23
2024-03-03 13:00:00,Burnley,AFC Bournemouth,0,2,0,1,0.75,0.13,0.12
2024-03-03 15:30:00,Manchester City,Manchester United,3,1,0,0,0.73,0.02,0.25
2024-03-04 20:00:00,Sheffield United,Arsenal,0,6,1,1,0.02,0.77,0.21
2024-03-09 12:30:00,Manchester United,Everton,2,0,0,0,0.58,0.3,0.12
2024-03-09 15:00:00,AFC Bournemouth,Sheffield United,2,2,1,2,0.35,0.46,0.19
2024-03-09 15:00:00,Crystal Palace,Luton Town,1,1,0,2,0.49,0.05,0.46
2024-03-09 15:00:00,Wolverhampton Wanderers,Fulham,2,1,1,0,0.14,0.69,0.17
2024-03-09 17:30:00,Arsenal,Brentford,2,1,0,0,0.55,0.35,0.1
2024-03-10 13:00:00,Aston Villa,Tottenham Hotspur,0,4,1,1,0.19,0.52,0.29
2024-03-10 14:00:00,Brighton & Hove Albion,Nottingham Forest,1,0,1,0,0.37,0.44,0.19
2024-03-10 14:00:00,West Ham United,Burnley,2,2,1,2,0.3,0.52,0.18
2024-03-10 15:45:00,Liverpool,Manchester City,1,1,1,2,0.33,0.4,0.27
2024-03-11 20:00:00,Chelsea,Newcastle United,3,2,0,0,0.81,0.01,0.18
2024-03-13 19:30:00,AFC Bournemouth,Luton Town,4,3,0,0,0.61,0.23,0.16
2024-03-16 15:00:00,Burnley,Brentford,2,1,1,0,0.35,0.41,0.24
2024-03-16 15:00:00,Luton Town,Nottingham Forest,1,1,1,2,0.1,0.49,0.41
2024-03-16 17:30:00,Fulham,Tottenham Hotspur,3,0,0,0,0.44,0.23,0.33
2024-03-17 14:00:00,West Ham United,Aston Villa,1,1,0,2,0.59,0.27,0.14
2024-03-30 12:30:00,Newcastle United,West Ham United,4,3,0,0,0.78,0.11,0.11
2024-03-30 15:00:00,AFC Bournemouth,Everton,2,1,2,0,0.34,0.22,0.44
2024-03-30 15:00:00,Chelsea,Burnley,2,2,1,2,0.39,0.41,0.2
2024-03-30 15:00:00,Nottingham Forest,Crystal Palace,1,1,0,2,0.54,0.22,0.24
2024-03-30 15:00:00,Sheffield United,Fulham,3,3,1,2,0.35,0.39,0.26
2024-03-30 15:00:00,Tottenham Hotspur,Luton Town,2,1,0,0,0.61,0.15,0.24
2024-03-30 17:30:00,Aston Villa,Wolverhampton Wanderers,2,0,0,0,0.62,0.15,0.23
2024-03-30 20:00:00,Brentford,Manchester United,1,1,2,2,0.27,0.33,0.4
2024-03-31 13:00:00,Liverpool,Brighton & Hove Albion,2,1,0,0,0.76,0.05,0.19
2024-03-31 15:30:00,Manchester City,Arsenal,0,0,1,2,0.31,0.47,0.22
2024-04-02 18:30:00,Nottingham Forest,Fulham,3,1,0,0,0.62,0.16,0.22
2024-04-02 18:30:00,Newcastle United,Everton,1,1,0,2,0.47,0.27,0.26
2024-04-02 18:45:00,AFC Bournemouth,Crystal Palace,1,0,0,0,0.63,0.19,0.18
2024-04-02 18:45:00,Burnley,Wolverhampton Wanderers,1,1,0,2,0.79,0.03,0.18
2024-04-02 19:15:00,West Ham United,Tottenham Hotspur,1,1,2,2,0.31,0.26,0.43
2024-04-03 18:30:00,Arsenal,Luton Town,2,0,0,0,0.58,0.13,0.29
2024-04-03 18:30:00,Brentford,Brighton & Hove Albion,0,0,1,2,0.11,0.77,0.12
2024-04-03 19:15:00,Manchester City,Aston Villa,4,1,0,0,0.85,0.0,0.15
2024-04-04 18:30:00,Liverpool,Sheffield United,3,1,0,0,0.59,0.1,0.31
2024-04-04 19:15:00,Chelsea,Manchester United,4,3,0,0,0.49,0.27,0.24
2024-04-06 11:30:00,Crystal Palace,Manchester City,2,4,1,1,0.17,0.7,0.13
2024-04-06 14:00:00,Aston Villa,Brentford,3,3,0,2,0.41,0.35,0.24
2024-04-06 14:00:00,Everton,Burnley,1,0,0,0,0.78,0.06,0.16
2024-04-06 14:00:00,Fulham,Newcastle United,0,1,1,1,0.19,0.45,0.36
2024-04-06 14:00:00,Luton Town,AFC Bournemouth,2,1,0,0,0.91,0.01,0.08
2024-04-06 14:00:00,Wolverhampton Wanderers,West Ham United,1,2,0,1,0.73,0.1,0.17
2024-04-06 16:30:00,Brighton & Hove Albion,Arsenal,0,3,1,1,0.19,0.67,0.14
2024-04-07 14:30:00,Manchester United,Liverpool,2,2,0,2,0.42,0.34,0.24
2024-04-07 16:30:00,Sheffield United,Chelsea,2,2,0,2,0.81,0.13,0.06
2024-04-07 17:00:00,Tottenham Hotspur,Nottingham Forest,3,1,0,0,0.46,0.42,0.12
2024-04-13 11:30:00,Newcastle United,Tottenham Hotspur,4,0,0,0,0.6,0.22,0.18
2024-04-13 14:00:00,Brentford,Sheffield United,2,0,0,0,0.8,0.05,0.15
2024-04-13 14:00:00,Burnley,Brighton & Hove Albion,1,1,1,2,0.22,0.6,0.18
2024-04-13 14:00:00,Manchester City,Luton Town,5,1,0,0,0.74,0.13,0.13
2024-04-13 14:00:00,Nottingham Forest,Wolverhampton Wanderers,2,2,0,2,0.68,0.15,0.17
2024-04-13 16:30:00,AFC Bournemouth,Manchester United,2,2,0,2,0.7,0.14,0.16
2024-04-14 13:00:00,Liverpool,Crystal Palace,0,1,1,1,0.26,0.57,0.17
2024-04-14 13:00:00,West Ham United,Fulham,0,2,1,1,0.1,0.79,0.11
2024-04-14 15:30:00,Arsenal,Aston Villa,0,2,0,1,0.64,0.14,0.22
2024-04-15 19:00:00,Chelsea,Everton,6,0,0,0,0.93,0.02,0.05
2024-04-20 14:00:00,Luton Town,Brentford,1,5,1,1,0.23,0.63,0.14
2024-04-20 14:00:00,Sheffield United,Burnley,1,4,0,1,0.49,0.38,0.13
2024-04-20 18:30:00,Wolverhampton Wanderers,Arsenal,0,2,1,1,0.12,0.68,0.2
2024-04-21 12:30:00,Everton,Nottingham Forest,2,0,0,0,0.52,0.31,0.17
2024-04-21 14:00:00,Aston Villa,AFC Bournemouth,3,1,1,0,0.3,0.39,0.31
2024-04-21 14:00:00,Crystal Palace,West Ham United,5,2,0,0,0.95,0.0,0.05
2024-04-21 15:30:00,Fulham,Liverpool,1,3,1,1,0.27,0.67,0.06
2024-04-23 19:00:00,Arsenal,Chelsea,5,0,0,0,0.84,0.13,0.03
2024-04-24 18:45:00,Wolverhampton Wanderers,AFC Bournemouth,0,1,1,1,0.31,0.42,0.27
2024-04-24 19:00:00,Crystal Palace,Newcastle United,2,0,0,0,0.9,0.02,0.08
2024-04-24 19:00:00,Everton,Liverpool,2,0,1,0,0.3,0.36,0.34
2024-04-24 19:00:00,Manchester United,Sheffield United,4,2,0,0,0.78,0.1,0.12
2024-04-25 19:00:00,Brighton & Hove Albion,Manchester City,0,4,1,1,0.21,0.63,0.16
2024-04-27 11:30:00,West Ham United,Liverpool,2,2,0,2,0.4,0.34,0.26
2024-04-27 14:00:00,Fulham,Crystal Palace,1,1,1,2,0.15,0.56,0.29
2024-04-27 14:00:00,Manchester United,Burnley,1,1,0,2,0.53,0.36,0.11
2024-04-27 14:00:00,Newcastle United,Sheffield United,5,1,0,0,0.79,0.09,0.12
2024-04-27 14:00:00,Wolverhampton Wanderers,Luton Town,2,1,1,0,0.18,0.58,0.24
2024-04-27 16:30:00,Everton,Brentford,1,0,1,0,0.19,0.58,0.23
2024-04-27 19:00:00,Aston Villa,Chelsea,2,2,0,2,0.36,0.28,0.36
2024-04-28 13:00:00,AFC Bournemouth,Brighton & Hove Albion,3,0,0,0,0.67,0.16,0.17
2024-04-28 13:00:00,Tottenham Hotspur,Arsenal,2,3,1,1,0.26,0.54,0.2
2024-04-28 15:30:00,Nottingham Forest,Manchester City,0,2,1,1,0.18,0.63,0.19
2024-05-02 18:30:00,Chelsea,Tottenham Hotspur,2,0,0,0,0.72,0.17,0.11
2024-05-03 19:00:00,Luton Town,Everton,1,1,0,2,0.61,0.15,0.24
2024-05-04 11:30:00,Arsenal,AFC Bournemouth,3,0,0,0,0.91,0.05,0.04
2024-05-04 14:00:00,Brentford,Fulham,0,0,2,2,0.34,0.31,0.35
2024-05-04 14:00:00,Burnley,Newcastle United,1,4,1,1,0.17,0.71,0.12
2024-05-04 14:00:00,Sheffield United,Nottingham Forest,1,3,0,1,0.38,0.3,0.32
2024-05-04 16:30:00,Manchester City,Wolverhampton Wanderers,5,1,0,0,0.76,0.03,0.21
2024-05-05 13:00:00,Brighton & Hove Albion,Aston Villa,1,0,0,0,0.79,0.03,0.18
2024-05-05 13:00:00,Chelsea,West Ham United,5,0,0,0,0.8,0.05,0.15
2024-05-05 15:30:00,Liverpool,Tottenham Hotspur,4,2,0,0,0.63,0.18,0.19
2024-05-06 19:00:00,Crystal Palace,Manchester United,4,0,0,0,0.87,0.06,0.07
2024-05-11 11:30:00,Fulham,Manchester City,0,4,1,1,0.0,0.94,0.06
2024-05-11 14:00:00,AFC Bournemouth,Brentford,1,2,0,1,0.44,0.28,0.28
2024-05-11 14:00:00,Everton,Sheffield United,1,0,0,0,0.88,0.02,0.1
2024-05-11 14:00:00,Newcastle United,Brighton & Hove Albion,1,1,0,2,0.64,0.18,0.18
2024-05-11 14:00:00,Tottenham Hotspur,Burnley,2,1,0,0,0.9,0.09,0.01
2024-05-11 14:00:00,West Ham United,Luton Town,3,1,0,0,0.88,0.05,0.07
2024-05-11 14:00:00,Wolverhampton Wanderers,Crystal Palace,1,3,0,1,0.7,0.23,0.07
2024-05-11 16:30:00,Nottingham Forest,Chelsea,2,3,2,1,0.39,0.21,0.4
2024-05-12 15:30:00,Manchester United,Arsenal,0,1,1,1,0.19,0.56,0.25
2024-05-13 19:00:00,Aston Villa,Liverpool,3,3,1,2,0.39,0.49,0.12
2024-05-14 19:00:00,Tottenham Hotspur,Manchester City,0,2,1,1,0.24,0.52,0.24
2024-05-15 18:45:00,Brighton & Hove Albion,Chelsea,1,2,1,1,0.05,0.72,0.23
2024-05-15 19:00:00,Manchester United,Newcastle United,3,2,1,0,0.42,0.45,0.13
2024-05-19 15:00:00,Arsenal,Everton,2,1,0,0,0.72,0.12,0.16
2024-05-19 15:00:00,Brentford,Newcastle United,2,4,1,1,0.17,0.65,0.18
2024-05-19 15:00:00,Brighton & Hove Albion,Manchester United,0,2,2,1,0.24,0.35,0.41
2024-05-19 15:00:00,Burnley,Nottingham Forest,1,2,1,1,0.2,0.51,0.29
2024-05-19 15:00:00,Chelsea,AFC Bournemouth,2,1,0,0,0.5,0.29,0.21
2024-05-19 15:00:00,Crystal Palace,Aston Villa,5,0,0,0,0.82,0.03,0.15
2024-05-19 15:00:00,Liverpool,Wolverhampton Wanderers,2,0,0,0,0.6,0.18,0.22
2024-05-19 15:00:00,Luton Town,Fulham,2,4,1,1,0.34,0.6,0.06
2024-05-19 15:00:00,Manchester City,West Ham United,3,1,0,0,0.66,0.14,0.2
2024-05-19 15:00:00,Sheffield United,Tottenham Hotspur,0,3,1,1,0.08,0.77,0.15
2023-01-01 14:00:00,Tottenham Hotspur,Aston Villa,0,2,1,1,0.15,0.57,0.28
2023-01-01 16:30:00,Nottingham Forest,Chelsea,1,1,0,2,0.83,0.13,0.04
2023-01-02 17:30:00,Brentford,Liverpool,3,1,1,0,0.35,0.42,0.23
2023-01-03 19:45:00,Arsenal,Newcastle United,0,0,0,2,0.46,0.11,0.43
2023-01-03 19:45:00,Everton,Brighton & Hove Albion,1,4,1,1,0.23,0.41,0.36
2023-01-03 19:45:00,Leicester City,Fulham,0,1,2,1,0.39,0.16,0.45
2023-01-03 20:00:00,Manchester United,AFC Bournemouth,3,0,1,0,0.37,0.39,0.24
2023-01-04 19:30:00,Southampton,Nottingham Forest,0,1,2,1,0.17,0.34,0.49
2023-01-04 19:45:00,Leeds United,West Ham United,2,2,1,2,0.33,0.42,0.25
2023-01-04 20:00:00,Aston Villa,Wolverhampton Wanderers,1,1,2,2,0.29,0.33,0.38
2023-01-04 20:00:00,Crystal Palace,Tottenham Hotspur,0,4,1,1,0.25,0.42,0.33
2023-01-05 20:00:00,Chelsea,Manchester City,0,1,1,1,0.13,0.48,0.39
2023-01-12 20:00:00,Fulham,Chelsea,2,1,1,0,0.06,0.79,0.15
2023-01-13 20:00:00,Aston Villa,Leeds United,2,1,0,0,0.52,0.26,0.22
2023-01-14 12:30:00,Manchester United,Manchester City,2,1,0,0,0.68,0.14,0.18
2023-01-14 15:00:00,Brighton & Hove Albion,Liverpool,3,0,0,0,0.95,0.01,0.04
2023-01-14 15:00:00,Everton,Southampton,1,2,1,1,0.23,0.39,0.38
2023-01-14 15:00:00,Nottingham Forest,Leicester City,2,0,0,0,0.78,0.04,0.18
2023-01-14 15:00:00,Wolverhampton Wanderers,West Ham United,1,0,0,0,0.54,0.23,0.23
2023-01-14 17:30:00,Brentford,AFC Bournemouth,2,0,0,0,0.57,0.16,0.27
2023-01-15 14:00:00,Newcastle United,Fulham,1,0,0,0,0.65,0.11,0.24
2023-01-15 14:00:00,Chelsea,Crystal Palace,1,0,1,0,0.38,0.45,0.17
2023-01-15 16:30:00,Tottenham Hotspur,Arsenal,0,2,0,1,0.5,0.32,0.18
2023-01-18 20:00:00,Crystal Palace,Manchester United,1,1,0,2,0.42,0.34,0.24
2023-01-19 20:00:00,Manchester City,Tottenham Hotspur,4,2,0,0,0.71,0.18,0.11
2023-01-21 12:30:00,Liverpool,Chelsea,0,0,0,2,0.64,0.09,0.27
2023-01-21 15:00:00,AFC Bournemouth,Nottingham Forest,1,1,2,2,0.36,0.24,0.4
2023-01-21 15:00:00,Leicester City,Brighton & Hove Albion,2,2,1,2,0.27,0.46,0.27
2023-01-21 15:00:00,Southampton,Aston Villa,0,1,0,1,0.56,0.27,0.17
2023-01-21 15:00:00,West Ham United,Everton,2,0,0,0,0.76,0.06,0.18
2023-01-21 17:30:00,Crystal Palace,Newcastle United,0,0,1,2,0.31,0.5,0.19
2023-01-22 14:00:00,Leeds United,Brentford,0,0,0,2,0.86,0.01,0.13
2023-01-22 14:00:00,Manchester City,Wolverhampton Wanderers,3,0,0,0,0.88,0.04,0.08
2023-01-22 16:30:00,Arsenal,Manchester United,3,2,2,0,0.23,0.31,0.46
2023-01-23 20:15:00,Fulham,Tottenham Hotspur,0,1,0,1,0.6,0.14,0.26
2023-02-03 20:00:00,Chelsea,Fulham,0,0,1,2,0.09,0.75,0.16
2023-02-04 12:30:00,Everton,Arsenal,1,0,0,0,0.41,0.27,0.32
2023-02-04 15:00:00,Aston Villa,Leicester City,2,4,1,1,0.32,0.51,0.17
2023-02-04 15:00:00,Brentford,Southampton,3,0,0,0,0.63,0.09,0.28
2023-02-04 15:00:00,Brighton & Hove Albion,AFC Bournemouth,1,0,0,0,0.59,0.08,0.33
2023-02-04 15:00:00,Manchester United,Crystal Palace,2,1,2,0,0.23,0.09,0.68
2023-02-04 15:00:00,Wolverhampton Wanderers,Liverpool,3,0,0,0,0.53,0.26,0.21
2023-02-04 17:30:00,Newcastle United,West Ham United,1,1,2,2,0.28,0.32,0.4
2023-02-05 14:00:00,Nottingham Forest,Leeds United,1,0,1,0,0.13,0.65,0.22
2023-02-05 16:30:00,Tottenham Hotspur,Manchester City,1,0,0,0,0.57,0.18,0.25
2023-02-08 20:00:00,Manchester United,Leeds United,2,2,0,2,0.46,0.27,0.27
2023-02-11 12:30:00,West Ham United,Chelsea,1,1,1,2,0.24,0.42,0.34
2023-02-11 15:00:00,Arsenal,Brentford,1,1,0,2,0.75,0.12,0.13
2023-02-11 15:00:00,Crystal Palace,Brighton & Hove Albion,1,1,1,2,0.12,0.71,0.17
2023-02-11 15:00:00,Fulham,Nottingham Forest,2,0,0,0,0.7,0.1,0.2
2023-02-11 15:00:00,Leicester City,Tottenham Hotspur,4,1,0,0,0.64,0.05,0.31
2023-02-11 15:00:00,Southampton,Wolverhampton Wanderers,1,2,0,1,0.45,0.21,0.34
2023-02-11 17:30:00,AFC Bournemouth,Newcastle United,1,1,1,2,0.32,0.46,0.22
2023-02-12 14:00:00,Leeds United,Manchester United,0,2,0,1,0.46,0.18,0.36
2023-02-12 16:30:00,Manchester City,Aston Villa,3,1,0,0,0.94,0.0,0.06
2023-02-13 20:00:00,Liverpool,Everton,2,0,0,0,0.82,0.01,0.17
2023-02-15 19:30:00,Arsenal,Manchester City,1,3,1,1,0.19,0.59,0.22
2023-02-18 12:30:00,Aston Villa,Arsenal,2,4,0,1,0.49,0.31,0.2
2023-02-18 15:00:00,Brentford,Crystal Palace,1,1,0,2,0.41,0.25,0.34
2023-02-18 15:00:00,Brighton & Hove Albion,Fulham,0,1,0,1,0.71,0.01,0.28
2023-02-18 15:00:00,Chelsea,Southampton,0,1,1,1,0.26,0.56,0.18
2023-02-18 15:00:00,Everton,Leeds United,1,0,0,0,0.91,0.01,0.08
2023-02-18 15:00:00,Nottingham Forest,Manchester City,1,1,1,2,0.05,0.88,0.07
2023-02-18 15:00:00,Wolverhampton Wanderers,AFC Bournemouth,0,1,0,1,0.55,0.11,0.34
2023-02-18 17:30:00,Newcastle United,Liverpool,0,2,1,1,0.23,0.6,0.17
2023-02-19 14:00:00,Manchester United,Leicester City,3,0,2,0,0.18,0.4,0.42
2023-02-19 16:30:00,Tottenham Hotspur,West Ham United,2,0,0,0,0.78,0.09,0.13
2023-02-24 20:00:00,Fulham,Wolverhampton Wanderers,1,1,0,2,0.67,0.26,0.07
2023-02-25 15:00:00,Everton,Aston Villa,0,2,1,1,0.27,0.4,0.33
2023-02-25 15:00:00,Leeds United,Southampton,1,0,2,0,0.32,0.13,0.55
2023-02-25 15:00:00,Leicester City,Arsenal,0,1,1,1,0.15,0.56,0.29
2023-02-25 15:00:00,West Ham United,Nottingham Forest,4,0,0,0,0.39,0.35,0.26
2023-02-25 17:30:00,AFC Bournemouth,Manchester City,1,4,0,1,0.45,0.38,0.17
2023-02-25 19:45:00,Crystal Palace,Liverpool,0,0,1,2,0.09,0.74,0.17
2023-02-26 13:30:00,Tottenham Hotspur,Chelsea,2,0,2,0,0.31,0.2,0.49
2023-03-01 19:45:00,Arsenal,Everton,4,0,1,0,0.3,0.47,0.23
2023-03-01 20:00:00,Liverpool,Wolverhampton Wanderers,2,0,0,0,0.91,0.01,0.08
2023-03-04 12:30:00,Manchester City,Newcastle United,2,0,0,0,0.52,0.15,0.33
2023-03-04 15:00:00,Arsenal,AFC Bournemouth,3,2,0,0,0.47,0.21,0.32
2023-03-04 15:00:00,Aston Villa,Crystal Palace,1,0,1,0,0.25,0.41,0.34
2023-03-04 15:00:00,Brighton & Hove Albion,West Ham United,4,0,0,0,0.67,0.0,0.33
2023-03-04 15:00:00,Wolverhampton Wanderers,Tottenham Hotspur,1,0,0,0,0.35,0.33,0.32
2023-03-04 15:00:00,Chelsea,Leeds United,1,0,0,0,0.48,0.29,0.23
2023-03-04 17:30:00,Southampton,Leicester City,1,0,0,0,0.78,0.1,0.12
2023-03-05 14:00:00,Nottingham Forest,Everton,2,2,0,2,0.44,0.28,0.28
2023-03-05 16:30:00,Liverpool,Manchester United,7,0,0,0,0.68,0.12,0.2
2023-03-06 20:00:00,Brentford,Fulham,3,2,0,0,0.5,0.18,0.32
2023-03-11 12:30:00,AFC Bournemouth,Liverpool,1,0,1,0,0.22,0.73,0.05
2023-03-11 15:00:00,Everton,Brentford,1,0,0,0,0.56,0.17,0.27
2023-03-11 15:00:00,Leeds United,Brighton & Hove Albion,2,2,0,2,0.53,0.16,0.31
2023-03-11 15:00:00,Tottenham Hotspur,Nottingham Forest,3,1,0,0,0.67,0.2,0.13
2023-03-11 15:00:00,Leicester City,Chelsea,1,3,0,1,0.56,0.19,0.25
2023-03-11 17:30:00,Crystal Palace,Manchester City,0,1,1,1,0.13,0.68,0.19
2023-03-12 14:00:00,Fulham,Arsenal,0,3,1,1,0.3,0.53,0.17
2023-03-12 14:00:00,Manchester United,Southampton,0,0,0,2,0.44,0.32,0.24
2023-03-12 14:00:00,West Ham United,Aston Villa,1,1,0,2,0.58,0.17,0.25
2023-03-12 16:30:00,Newcastle United,Wolverhampton Wanderers,2,1,0,0,0.54,0.2,0.26
2023-03-15 19:30:00,Southampton,Brentford,0,2,1,1,0.1,0.7,0.2
2023-03-15 19:30:00,Brighton & Hove Albion,Crystal Palace,1,0,0,0,0.48,0.14,0.38
2023-03-17 20:00:00,Nottingham Forest,Newcastle United,1,2,0,1,0.48,0.42,0.1
2023-03-18 15:00:00,Aston Villa,AFC Bournemouth,3,0,0,0,0.74,0.12,0.14
2023-03-18 15:00:00,Brentford,Leicester City,1,1,2,2,0.17,0.3,0.53
2023-03-18 15:00:00,Southampton,Tottenham Hotspur,3,3,0,2,0.55,0.28,0.17
2023-03-18 15:00:00,Wolverhampton Wanderers,Leeds United,2,4,0,1,0.64,0.28,0.08
2023-03-18 17:30:00,Chelsea,Everton,2,2,0,2,0.79,0.09,0.12
2023-03-19 14:00:00,Arsenal,Crystal Palace,4,1,0,0,0.54,0.29,0.17
2023-04-01 11:30:00,Manchester City,Liverpool,4,1,0,0,0.92,0.01,0.07
2023-04-01 14:00:00,AFC Bournemouth,Fulham,2,1,0,0,0.8,0.07,0.13
2023-04-01 14:00:00,Arsenal,Leeds United,4,1,0,0,0.47,0.36,0.17
2023-04-01 14:00:00,Brighton & Hove Albion,Brentford,3,3,0,2,0.43,0.25,0.32
2023-04-01 14:00:00,Crystal Palace,Leicester City,2,1,0,0,0.76,0.04,0.2
2023-04-01 14:00:00,Nottingham Forest,Wolverhampton Wanderers,1,1,0,2,0.85,0.05,0.1
2023-04-01 16:30:00,Chelsea,Aston Villa,0,2,0,1,0.6,0.05,0.35
2023-04-02 13:00:00,West Ham United,Southampton,1,0,1,0,0.24,0.43,0.33
2023-04-02 15:30:00,Newcastle United,Manchester United,2,0,0,0,0.93,0.06,0.01
2023-04-03 19:00:00,Everton,Tottenham Hotspur,1,1,0,2,0.83,0.05,0.12
2023-04-04 18:45:00,AFC Bournemouth,Brighton & Hove Albion,0,2,1,1,0.35,0.48,0.17
2023-04-04 18:45:00,Leicester City,Aston Villa,1,2,0,1,0.58,0.27,0.15
2023-04-04 18:45:00,Leeds United,Nottingham Forest,2,1,2,0,0.32,0.23,0.45
2023-04-04 19:00:00,Chelsea,Liverpool,0,0,0,2,0.39,0.29,0.32
2023-04-05 19:00:00,West Ham United,Newcastle United,1,5,1,1,0.05,0.81,0.14
2023-04-05 19:00:00,Manchester United,Brentford,1,0,0,0,0.43,0.14,0.43
2023-04-08 11:30:00,Manchester United,Everton,2,0,0,0,0.84,0.1,0.06
2023-04-08 14:00:00,Aston Villa,Nottingham Forest,2,0,0,0,0.49,0.29,0.22
2023-04-08 14:00:00,Brentford,Newcastle United,1,2,2,1,0.34,0.29,0.37
2023-04-08 14:00:00,Fulham,West Ham United,0,1,1,1,0.29,0.47,0.24
2023-04-08 14:00:00,Leicester City,AFC Bournemouth,0,1,0,1,0.4,0.35,0.25
2023-04-08 14:00:00,Tottenham Hotspur,Brighton & Hove Albion,2,1,0,0,0.41,0.39,0.2
2023-04-08 14:00:00,Wolverhampton Wanderers,Chelsea,1,0,0,0,0.59,0.21,0.2
2023-04-08 16:30:00,Southampton,Manchester City,1,4,1,1,0.06,0.82,0.12
2023-04-09 13:00:00,Leeds United,Crystal Palace,1,5,0,1,0.44,0.44,0.12
2023-04-09 15:30:00,Liverpool,Arsenal,2,2,0,2,0.39,0.38,0.23
2023-04-15 11:30:00,Aston Villa,Newcastle United,3,0,0,0,0.73,0.05,0.22
2023-04-15 14:00:00,Chelsea,Brighton & Hove Albion,1,2,1,1,0.12,0.72,0.16
2023-04-15 14:00:00,Everton,Fulham,1,3,0,1,0.51,0.36,0.13
2023-04-15 14:00:00,Southampton,Crystal Palace,0,2,1,1,0.34,0.42,0.24
2023-04-15 14:00:00,Wolverhampton Wanderers,Brentford,2,0,0,0,0.68,0.15,0.17
2023-04-15 14:15:00,Tottenham Hotspur,AFC Bournemouth,2,3,0,1,0.51,0.23,0.26
2023-04-15 16:30:00,Manchester City,Leicester City,3,1,1,0,0.28,0.52,0.2
2023-04-16 13:00:00,West Ham United,Arsenal,2,2,2,2,0.19,0.38,0.43
2023-04-16 15:30:00,Nottingham Forest,Manchester United,0,2,1,1,0.02,0.81,0.17
2023-04-17 19:00:00,Leeds United,Liverpool,1,6,1,1,0.09,0.74,0.17
2023-04-21 19:00:00,Arsenal,Southampton,3,3,1,2,0.39,0.44,0.17
2023-04-22 11:30:00,Fulham,Leeds United,2,1,2,0,0.44,0.11,0.45
2023-04-22 14:00:00,Brentford,Aston Villa,1,1,0,2,0.48,0.15,0.37
2023-04-22 14:00:00,Crystal Palace,Everton,0,0,1,2,0.15,0.52,0.33
2023-04-22 14:00:00,Leicester City,Wolverhampton Wanderers,2,1,0,0,0.75,0.1,0.15
2023-04-22 14:00:00,Liverpool,Nottingham Forest,3,2,0,0,0.44,0.29,0.27
2023-04-23 13:00:00,AFC Bournemouth,West Ham United,0,4,1,1,0.23,0.59,0.18
2023-04-23 13:00:00,Newcastle United,Tottenham Hotspur,6,1,0,0,0.76,0.13,0.11
2023-04-25 18:30:00,Wolverhampton Wanderers,Crystal Palace,2,0,0,0,0.53,0.25,0.22
2023-04-25 18:45:00,Aston Villa,Fulham,1,0,0,0,0.64,0.15,0.21
2023-04-25 19:00:00,Leeds United,Leicester City,1,1,0,2,0.5,0.23,0.27
2023-04-26 18:30:00,Nottingham Forest,Brighton & Hove Albion,3,1,1,0,0.33,0.58,0.09
2023-04-26 18:45:00,West Ham United,Liverpool,1,2,1,1,0.16,0.44,0.4
2023-04-26 18:45:00,Chelsea,Brentford,0,2,0,1,0.65,0.07,0.28
2023-04-26 19:00:00,Manchester City,Arsenal,4,1,0,0,0.9,0.02,0.08
2023-04-27 18:45:00,Everton,Newcastle United,1,4,1,1,0.24,0.47,0.29
2023-04-27 18:45:00,Southampton,AFC Bournemouth,0,1,1,1,0.16,0.71,0.13
2023-04-27 19:15:00,Tottenham Hotspur,Manchester United,2,2,1,2,0.39,0.45,0.16
2023-04-29 11:30:00,Crystal Palace,West Ham United,4,3,0,0,0.46,0.31,0.23
2023-04-29 14:00:00,Brentford,Nottingham Forest,2,1,0,0,0.84,0.04,0.12
2023-04-29 14:00:00,Brighton & Hove Albion,Wolverhampton Wanderers,6,0,0,0,0.82,0.01,0.17
2023-04-30 13:00:00,AFC Bournemouth,Leeds United,4,1,0,0,0.46,0.41,0.13
2023-04-30 13:00:00,Fulham,Manchester City,1,2,1,1,0.0,0.95,0.05
2023-04-30 13:00:00,Manchester United,Aston Villa,1,0,0,0,0.94,0.04,0.02
2023-04-30 13:00:00,Newcastle United,Southampton,3,1,0,0,0.52,0.17,0.31
2023-04-30 15:30:00,Liverpool,Tottenham Hotspur,4,3,1,0,0.11,0.73,0.16
2023-05-01 19:00:00,Leicester City,Everton,2,2,1,2,0.34,0.49,0.17
2023-05-02 19:00:00,Arsenal,Chelsea,3,1,0,0,0.55,0.12,0.33
2023-05-03 19:00:00,Liverpool,Fulham,1,0,1,0,0.34,0.35,0.31
2023-05-03 19:00:00,Manchester City,West Ham United,3,0,0,0,0.97,0.01,0.02
2023-05-04 19:00:00,Brighton & Hove Albion,Manchester United,1,0,0,0,0.51,0.28,0.21
2023-05-06 14:00:00,AFC Bournemouth,Chelsea,1,3,0,1,0.56,0.2,0.24
2023-05-06 14:00:00,Manchester City,Leeds United,2,1,0,0,0.72,0.06,0.22
2023-05-06 14:00:00,Tottenham Hotspur,Crystal Palace,1,0,1,0,0.37,0.42,0.21
2023-05-06 14:00:00,Wolverhampton Wanderers,Aston Villa,1,0,0,0,0.44,0.28,0.28
2023-05-06 16:30:00,Liverpool,Brentford,1,0,0,0,0.71,0.11,0.18
2023-05-07 15:30:00,Newcastle United,Arsenal,0,2,2,1,0.22,0.33,0.45
2023-05-07 18:00:00,West Ham United,Manchester United,1,0,0,0,0.5,0.24,0.26
2023-05-08 14:00:00,Fulham,Leicester City,5,3,1,0,0.27,0.48,0.25
2023-05-08 16:30:00,Brighton & Hove Albion,Everton,1,5,2,1,0.18,0.37,0.45
2023-05-08 19:00:00,Nottingham Forest,Southampton,4,3,0,0,0.42,0.31,0.27
2023-05-13 11:30:00,Leeds United,Newcastle United,2,2,0,2,0.5,0.25,0.25
2023-05-13 14:00:00,Aston Villa,Tottenham Hotspur,2,1,0,0,0.44,0.28,0.28
2023-05-13 14:00:00,Crystal Palace,AFC Bournemouth,2,0,0,0,0.65,0.13,0.22
2023-05-13 14:00:00,Manchester United,Wolverhampton Wanderers,2,0,0,0,0.73,0.06,0.21
2023-05-13 14:00:00,Southampton,Fulham,0,2,1,1,0.26,0.59,0.15
2023-05-13 14:00:00,Chelsea,Nottingham Forest,2,2,0,2,0.67,0.07,0.26
2023-05-14 13:00:00,Brentford,West Ham United,2,0,0,0,0.55,0.09,0.36
2023-05-14 13:00:00,Everton,Manchester City,0,3,0,1,0.47,0.21,0.32
2023-05-14 15:30:00,Arsenal,Brighton & Hove Albion,0,3,1,1,0.1,0.68,0.22
2023-05-15 19:00:00,Leicester City,Liverpool,0,3,1,1,0.21,0.57,0.22
2023-05-18 18:30:00,Newcastle United,Brighton & Hove Albion,4,1,0,0,0.74,0.13,0.13
2023-05-20 11:30:00,Tottenham Hotspur,Brentford,1,3,0,1,0.65,0.2,0.15
2023-05-20 14:00:00,AFC Bournemouth,Manchester United,0,1,0,1,0.44,0.28,0.28
2023-05-20 14:00:00,Fulham,Crystal Palace,2,2,0,2,0.39,0.27,0.34
2023-05-20 14:00:00,Liverpool,Aston Villa,1,1,0,2,0.8,0.16,0.04
2023-05-20 14:00:00,Wolverhampton Wanderers,Everton,1,1,0,2,0.38,0.34,0.28
2023-05-20 16:30:00,Nottingham Forest,Arsenal,1,0,1,0,0.36,0.53,0.11
2023-05-21 12:30:00,West Ham United,Leeds United,3,1,0,0,0.63,0.21,0.16
2023-05-21 13:00:00,Brighton & Hove Albion,Southampton,3,1,0,0,0.92,0.02,0.06
2023-05-21 15:00:00,Manchester City,Chelsea,1,0,1,0,0.13,0.76,0.11
2023-05-22 19:00:00,Newcastle United,Leicester City,0,0,2,2,0.39,0.09,0.52
2023-05-24 19:00:00,Brighton & Hove Albion,Manchester City,1,1,0,2,0.51,0.23,0.26
2023-05-25 19:00:00,Manchester United,Chelsea,4,1,0,0,0.67,0.15,0.18
2023-05-28 15:30:00,Arsenal,Wolverhampton Wanderers,5,0,0,0,0.9,0.02,0.08
2023-05-28 15:30:00,Aston Villa,Brighton & Hove Albion,2,1,0,0,0.56,0.18,0.26
2023-05-28 15:30:00,Brentford,Manchester City,1,0,0,0,0.38,0.3,0.32
2023-05-28 15:30:00,Chelsea,Newcastle United,1,1,0,2,0.59,0.16,0.25
2023-05-28 15:30:00,Crystal Palace,Nottingham Forest,1,1,0,2,0.41,0.35,0.24
2023-05-28 15:30:00,Everton,AFC Bournemouth,1,0,0,0,0.81,0.04,0.15
2023-05-28 15:30:00,Leeds United,Tottenham Hotspur,1,4,1,1,0.11,0.76,0.13
2023-05-28 15:30:00,Leicester City,West Ham United,2,1,0,0,0.43,0.23,0.34
2023-05-28 15:30:00,Manchester United,Fulham,2,1,0,0,0.65,0.1,0.25
2023-05-28 15:30:00,Southampton,Liverpool,4,4,0,2,0.51,0.19,0.3
